Rank,sport,FIS,Last,First,NOC,5,6,7,8,8 1,8 2,9,10,11,12,13,source_pdf,page,14,15,16,17,18,19,20,21,22,23
57,Alpine Men,512527,MIGGIANO,Alessio,SUI,105,1280,,95,95,,14,0,10,48,,ALPM------------------------------__C25B_2.0.pdf,2,,,,,,,,,,
57,Alpine Men,6203445,ALLIOD-JACQUES,Benjamin,ITA,105,1280,,82,82,,18,-,0,23,37,ALPM------------------------------__C25B_2.0.pdf,2,,,,,,,,,,
59,Alpine Men,92720,POPOV,Albert,BUL,103,1282,0,103,103,,20,0,,,,ALPM------------------------------__C25B_2.0.pdf,2,,,,,,,,,,
60,Alpine Men,511996,YULE,Daniel,SUI,102,1283,0,102,102,,21,,0,,,ALPM------------------------------__C25B_2.0.pdf,2,,,,,,,,,,
61,Alpine Men,202762,JOCHER,Simon,GER,1001285,,38,29,(29),,:,62,22,,,ALPM------------------------------__C25B_2.0.pdf,2,,,,,,,,,,
62,Alpine Men,104531,CRAWFORD,James,CAN,97,1288,,25,25,,38,0,72,21,,ALPM------------------------------__C25B_2.0.pdf,2,,,,,,,,,,
63,Alpine Men,194935,FAVROT,Thibaut,FRA,95,1290,0,0,,,95,21,0,,,ALPM------------------------------__C25B_2.0.pdf,2,,,,,,,,,,
64,Alpine Men,221236,TAYLOR,Lau,GBR,94,1291,0,94,94,,23,0,,,,ALPM------------------------------__C25B_2.0.pdf,2,,,,,,,,,,
65,Alpine Men,54359,FEURSTEIN,Patrick,AUT,90,1295,0,0,,,90,22,0,,,ALPM------------------------------__C25B_2.0.pdf,2,,,,,,,,,,
65,Alpine Men,511896,MURISIER,Justin,SUI,90,1295,63,20,(20),,-,0,27,35,,ALPM------------------------------__C25B_2.0.pdf,2,,,,,,,,,,
67,Alpine Men,220689,RYDING,Dave,GBR,89,1296,0,89,89,,24,0,,,,ALPM------------------------------__C25B_2.0.pdf,2,,,,,,,,,,
67,Alpine Men,561310,HROBAT,Miha,SLO,89,1296,58,22,(22),,:,31,31,,,ALPM------------------------------__C25B_2.0.pdf,2,,,,,,,,,,
67,Alpine Men,180877,LEHTO,Elian,FIN,89,1296,83,16,(16),,-,0,6,50,,ALPM------------------------------__C25B_2.0.pdf,2,,,,,,,,,,
70,Alpine Men,512228,KOHLER,Marco,SUI,88,1207,51,25,(25),,:,37,29,,,ALPM------------------------------__C25B_2.0.pdf,2,,,,,,,,,,
71,Alpine Men,6200845,BOSCA,Guglielmo,ITA,85,1300,11,50,(50),,-,0,74,20,,ALPM------------------------------__C25B_2.0.pdf,2,,,,,,,,,,
71,Alpine Men,6532128,NEGOMIR,Kyle,USA,85,1300,39,28,(28),,-,0,46,26,,ALPM------------------------------__C25B_2.0.pdf,2,,,,,,,,,,
73,Alpine Men,360377,KOLEGA,Samuel,CRO,81,1304,0,81,81,,25,0,,,,ALPM------------------------------__C25B_2.0.pdf,2,,,,,,,,,,
74,Alpine Men,502617,SWARTZ,FABIAN,SWE,79,,1306,0,,,47,33,32,33,:,ALPM------------------------------__C25B_2.0.pdf,2,,,,,,,,,,
75,Alpine Men,54609,EICHBERGER,Stefan,AUT,76,1309,36,30,(30),,:,40,28,,,ALPM------------------------------__C25B_2.0.pdf,2,,,,,,,,,,
76,Alpine Men,6190176,BAILET,Matthieu,FRA,1,131416,45,0,,,55,24,,,,ALPM------------------------------__C25B_2.0.pdf,2,,,,,,,,,,
76,Alpine Men,20283,GRAMMEL,Anton,GER,mM,1314,0,0,,,71,23,0,,,ALPM------------------------------__C25B_2.0.pdf,2,,,,,,,,,,
78,Alpine Men,512853,ITEN,Matthias,SUI,70,1315,0,70,70,,26,-,0,,,ALPM------------------------------__C25B_2.0.pdf,2,,,,,,,,,,
79,Alpine Men,422873,GRAHL-MADSEN,Hans,NOR,62,1323,0,62,62,,28,0,,,,ALPM------------------------------__C25B_2.0.pdf,2,,,,,,,,,,
80,Alpine Men,20398,VERDU,Joan,AND,60,1325,0,0,,,60,24,0,,,ALPM------------------------------__C25B_2.0.pdf,2,,,,,,,,,,
81,Alpine Men,202597,SCHMID,Alexander,GER,59,1326,0,0,,,59,25,0,,,ALPM------------------------------__C25B_2.0.pdf,2,,,,,,,,,,
82,Alpine Men,54252,RASCHNER,Dominik,AUT,58,1327,0,58,58,,30,0,,,,ALPM------------------------------__C25B_2.0.pdf,2,,,,,,,,,,
83,Alpine Men,203096,VOGT,Luis,GER,57,1328,57,23,(23),,-,0,0,,,ALPM------------------------------__C25B_2.0.pdf,2,,,,,,,,,,
84,Alpine Men,54093,STROLZ,Johannes,AUT,55,1330,0,55,55,,31,0,,,,ALPM------------------------------__C25B_2.0.pdf,2,,,,,,,,,,
85,Alpine Men,990048,BORSOTTI,Giovanni,ITA,49,1336,0,-,-,,49,28,0,,,ALPM------------------------------__C25B_2.0.pdf,2,,,,,,,,,,
87,Alpine Men,512281,ROESTI,Lars,SUI,46,133946,27,-,—-,,:,0,,,,ALPM------------------------------__C25B_2.0.pdf,2,,,,,,,,,,
88,Alpine Men,54438,PLOIER,Andreas,AUT,45,1340,31,33,(33),,:,14,43,,,ALPM------------------------------__C25B_2.0.pdf,2,,,,,,,,,,
89,Alpine Men,221228,MAJOR,Billy,GBR,44,1341,0,44,44,,34,-,0,,,ALPM------------------------------__C25B_2.0.pdf,2,,,,,,,,,,
90,Alpine Men,6191539,VITALE,Flavio,FRA,43,1342,0,0,,,43,29,0,,,ALPM------------------------------__C25B_2.0.pdf,2,,,,,,,,,,
91,Alpine Men,202909,STOCKINGER,Jonas,GER,42,1343,0,0,,,42,30,0,,,ALPM------------------------------__C25B_2.0.pdf,2,,,,,,,,,,
0,Alpine Men,92194298,GIEZENDANNER,Blaise,FRA,1346,28,36,-,-,,:,11,45,,,ALPM------------------------------__C25B_2.0.pdf,2,,,,,,,,,,
93,Alpine Men,6531620,MORSE,Sam,USA,3713487,52,0,30,30,,33,,,,,ALPM------------------------------__C25B_2.0.pdf,2,,,,,,,,,,
93,Alpine Men,6530104,BENNETT,Bryce,USA,37°,134832,32,0,,,5,52,,,,ALPM------------------------------__C25B_2.0.pdf,2,,,,,,,,,,
95,Alpine Men,6532592,RITCHIE,Benjamin,USA,36,1349,0,36,36,,36,0,,,,ALPM------------------------------__C25B_2.0.pdf,2,,,,,,,,,,
95,Alpine Men,6190793,PARAND,Loevan,FRA,36,1349,0,0,,,36,32,0,,,ALPM------------------------------__C25B_2.0.pdf,2,,,,,,,,,,
97,Alpine Men,192746,THEAUX,Adrien,FRA,35,1350,35,31,(31),,-,0,0,,,ALPM------------------------------__C25B_2.0.pdf,2,,,,,,,,,,
97,Alpine Men,422130,KILDE,Aleksand,NOR,35,135024,39,0,,,11,45,,,,ALPM------------------------------__C25B_2.0.pdf,2,,,,,,,,,,
97,Alpine Men,51215,BAUMANN,Romed,GER,35,135021,42,0,,,14,43,,,,ALPM------------------------------__C25B_2.0.pdf,2,,,,,,,,,,
100,Alpine Men,6190459,ALPHAND,Sam,FRA,34135110,51,0,24,24,,36,,,,,ALPM------------------------------__C25B_2.0.pdf,2,,,,,,,,,,
101,Alpine Men,511902,ZENHAEUSERN,Ramon,SUI,33,1352,0,33,33,,37,0,,,,ALPM------------------------------__C25B_2.0.pdf,2,,,,,,,,,,
102,Alpine Men,6533248,SARCHETT,Ryder,USA,32,1353,0,0,,,32,33,0,,,ALPM------------------------------__C25B_2.0.pdf,2,,,,,,,,,,
102,Alpine Men,6203252,KASTLUNGER,Tobias,ITA,32,1353,0,26,26,,38,6,45,:,,ALPM------------------------------__C25B_2.0.pdf,2,,,,,,,,,,
102,Alpine Men,990116,de,ALIPRANDINI,LUCA,ITA,32,1353,0,,,:,32,33,:,,ALPM------------------------------__C25B_2.0.pdf,2,,,,,,,,,,
105,Alpine Men,501987,MONSEN,Felix,SWE,31,135431,33,0,,,:,,,,,ALPM------------------------------__C25B_2.0.pdf,2,,,,,,,,,,
106,Alpine Men,104539,SEGER,Riley,CAN,29,1356,0,0,,,:,29,34,,,ALPM------------------------------__C25B_2.0.pdf,2,,,,,,,,,,
107,Alpine Men,6203775,DELLA,VITE,FILIPPO,ITA,26,1359,0,,,:,26,36,:,,ALPM------------------------------__C25B_2.0.pdf,2,,,,,,,,,,
108,Alpine Men,6191203,AULNETTE,Auguste,FRA,24,1361,0,24,24,,39,0,,,,ALPM------------------------------__C25B_2.0.pdf,2,,,,,,,,,,
109,Alpine Men,512549,HILTBRAND,Livio,SUI,23°,1362,23,40,(40),,-,0,0,,,ALPM------------------------------__C25B_2.0.pdf,2,,,,,,,,,,
109,Alpine Men,54538,RIESER,Stefan,AUT,23°,1362,23,40,(40),,-,0,0,,,ALPM------------------------------__C25B_2.0.pdf,2,,,,,,,,,,
109,Alpine Men,104468,READ,Jeffrey,CAN,23,136224,55,0,,,19,42,,,,ALPM------------------------------__C25B_2.0.pdf,2,,,,,,,,,,
112,Alpine Men,6190909,DESGRIPPES,Hugo,FRA,22,1363,0,22,22,,40,0,,,,ALPM------------------------------__C25B_2.0.pdf,2,,,,,,,,,,
57,Alpine Men,54609,EICHBERGER,Stefan,AUT,187,193075,29,0,,,82,25,,,,ALPM------------------------------__C26B_6.0.pdf,2,,,,,,,,,,
58,Alpine Men,511996,YULE,Daniel,SUI,154,1933,0,154,154,,19,0,,,,ALPM------------------------------__C26B_6.0.pdf,2,,,,,,,,,,
60,Alpine Men,92720,POPOV,Albert,BUL,141,1946,0,141,141,,20,0,,,,ALPM------------------------------__C26B_6.0.pdf,2,,,,,,,,,,
61,Alpine Men,194935,FAVROT,Thibaut,FRA,135.1952,,0,135,135,,19,0,,,,ALPM------------------------------__C26B_6.0.pdf,2,,,,,,,,,,
62,Alpine Men,54359,FEURSTEIN,Patrick,AUT,131.1956,,0,131,131,,20,0,,,,ALPM------------------------------__C26B_6.0.pdf,2,,,,,,,,,,
63,Alpine Men,220689,RYDING,Dave,GBR,128.1959,,128,21,(21),,:,,,,,ALPM------------------------------__C26B_6.0.pdf,2,,,,,,,,,,
64,Alpine Men,6190179,ALPHAND,Nils,FRA,1271960105,22,0,22,22,,45,,,,,ALPM------------------------------__C26B_6.0.pdf,2,,,,,,,,,,
64,Alpine Men,6530104,BENNETT,Bryce,USA,"127,",1960109,20,0,,,18,60,,,,ALPM------------------------------__C26B_6.0.pdf,2,,,,,,,,,,
66,Alpine Men,6522128,NEGOMIR,Kyle,USA,126196167,32,0,59,59,,30,,,,,ALPM------------------------------__C26B_6.0.pdf,2,,,,,,,,,,
67,Alpine Men,6201574,SALA,Tommaso,ITA,124,1963,0,124,124,,22,-,,,,ALPM------------------------------__C26B_6.0.pdf,2,,,,,,,,,,
68,Alpine Men,180877,LEHTO,Elian,FIN,123,1964,109,20,(20),,:,14,62,,,ALPM------------------------------__C26B_6.0.pdf,2,,,,,,,,,,
68,Alpine Men,380377,KOLEGA,Samuel,CRO,123-1964,,123,23,(23),,:,,,,,ALPM------------------------------__C26B_6.0.pdf,2,,,,,,,,,,
70,Alpine Men,54630,STURM,Joshua,AUT,122.1965,,65,33,(33),,57,28,0,,,ALPM------------------------------__C26B_6.0.pdf,2,,,,,,,,,,
72,Alpine Men,20398,VERDU,Joan,AND,1171970,,0,117,117,,22,0,,,,ALPM------------------------------__C26B_6.0.pdf,2,,,,,,,,,,
73,Alpine Men,422899,SANDVIK,Oscar,ANDREAS,NOR,114.1973,0,98,98,,27,16,41,:,,ALPM------------------------------__C26B_6.0.pdf,2,,,,,,,,,,
74,Alpine Men,202883,GRAMMEL,Anton,GER,113.1974,,0,113,113,,23,0,,,,ALPM------------------------------__C26B_6.0.pdf,2,,,,,,,,,,
76,Alpine Men,12228,KOHLER,Marco,SUI,109,1978,96.69,31,(31),,,0,40,33,,ALPM------------------------------__C26B_6.0.pdf,2,,,,,,,,,,
77,Alpine Men,202762,JOCHER,Simon,GER,107,1980,45,36,(36),,:,62,28,,,ALPM------------------------------__C26B_6.0.pdf,2,,,,,,,,,,
78,Alpine Men,512527,MIGGIANO,Alessio,SUI,105,1982,95,23,(23),,:,10,67,,,ALPM------------------------------__C26B_6.0.pdf,2,,,,,,,,,,
79,Alpine Men,221236,TAYLOR,Lauri,GBR,1041983,,104,25,(25),,:,,,,,ALPM------------------------------__C26B_6.0.pdf,2,,,,,,,,,,
79,Alpine Men,502617,AX,SWARTZ,FABIAN,SWE,1041983,0,72,72,,31,32,36,:,,ALPM------------------------------__C26B_6.0.pdf,2,,,,,,,,,,
81,Alpine Men,512353,ITEN,Matthias,SUI,94,1993,0,94,94,,28,0,,,,ALPM------------------------------__C26B_6.0.pdf,2,,,,,,,,,,
82,Alpine Men,202597,SCHMID,Alexander,GER,90,1997,0,0,,,90,25,0,,,ALPM------------------------------__C26B_6.0.pdf,2,,,,,,,,,,
83,Alpine Men,6190176,BAILET,Matthieu,FRA,86,2001,24,46,(46),,:,62,28,,,ALPM------------------------------__C26B_6.0.pdf,2,,,,,,,,,,
83,Alpine Men,54252,RASCHNER,Dominik,AUT,86,2001,0,86,86,,29,0,,,,ALPM------------------------------__C26B_6.0.pdf,2,,,,,,,,,,
83,Alpine Men,512281,ROESTI,Lars,SUI,86,2001,76,28,(28),,S,0,10,67,,ALPM------------------------------__C26B_6.0.pdf,2,,,,,,,,,,
86,Alpine Men,990116,de,ALIPRANDINI,LUCA,ITA,85,2002,0,,,:,85,26,:,,ALPM------------------------------__C26B_6.0.pdf,2,,,,,,,,,,
86,Alpine Men,422766,STEEN,OLSEN,ALEXANDER,NOR,85,2002,0,,,16,49,69,27,:,ALPM------------------------------__C26B_6.0.pdf,2,,,,,,,,,,
88,Alpine Men,54093,STROLZ,Johannes,AUT,75,2012,0,75,75,,30,,0,,,ALPM------------------------------__C26B_6.0.pdf,2,,,,,,,,,,
90,Alpine Men,194298,GIEZENDANNER,Blaise,FRA,,2016,45,36,(36),,:,26,41,,,ALPM------------------------------__C26B_6.0.pdf,2,,,,,,,,,,
91,Alpine Men,203096,VOGT,Luis,GER,70,2017,65,33,(33),,:,5,64,,,ALPM------------------------------__C26B_6.0.pdf,2,,,,,,,,,,
92,Alpine Men,51218,BAUMANN,Romed,GER,69,2018,40,38,(38),,-,0,29,40,,ALPM------------------------------__C26B_6.0.pdf,2,,,,,,,,,,
93,Alpine Men,6592592,RITCHIE,Benjamin,USA,66,2021,0,66,66,,32,0,,,,ALPM------------------------------__C26B_6.0.pdf,2,,,,,,,,,,
94,Alpine Men,422873,GRAHL-MADSEN,Hans,NOR,62,2025,0,62,62,,34,0,,,,ALPM------------------------------__C26B_6.0.pdf,2,,,,,,,,,,
95,Alpine Men,192746,THEAUX,Adrien,FRA,61,2026,,52,52,,34,0,9,60,,ALPM------------------------------__C26B_6.0.pdf,2,,,,,,,,,,
96,Alpine Men,990048,BORSOTTI,Giovanni,ITA,56,2031,0,0,,,56,30,-,,,ALPM------------------------------__C26B_6.0.pdf,2,,,,,,,,,,
96,Alpine Men,54438,PLOIER,Andreas,AUT,56,2031,34,41,(41),,:,22,45,,,ALPM------------------------------__C26B_6.0.pdf,2,,,,,,,,,,
96,Alpine Men,221223,MAJOR,Billy,GBR,56,2031,0,56,56,,35,0,,,,ALPM------------------------------__C26B_6.0.pdf,2,,,,,,,,,,
99,Alpine Men,502015,JAKOBSEN,Kristoffer,SWE,51,2036,0,51,51,,36,0,,,,ALPM------------------------------__C26B_6.0.pdf,2,,,,,,,,,,
100,Alpine Men,501987,MONSEN,Felix,SWE,50,2037,37,40,(40),,~~,0,13,64,,ALPM------------------------------__C26B_6.0.pdf,2,,,,,,,,,,
101,Alpine Men,202909,STOCKINGER,Jonas,GER,49,20.38,0,0,,,49,31,0,,,ALPM------------------------------__C26B_6.0.pdf,2,,,,,,,,,,
103,Alpine Men,934643,GOLDBERG,Jared,USA,48,2039,8,58,(58),,:,40,33,,,ALPM------------------------------__C26B_6.0.pdf,2,,,,,,,,,,
104,Alpine Men,6191539,VITALE,Flavio,FRA,47,2040,0,0,,,47,32,0,,,ALPM------------------------------__C26B_6.0.pdf,2,,,,,,,,,,
105,Alpine Men,104468,READ,Jeffrey,CAN,44,2043,,5,«5,,62,0,39,35,,ALPM------------------------------__C26B_6.0.pdf,2,,,,,,,,,,
106,Alpine Men,6203252,KASTLUNGER,Tobias,ITA,42,2045,0,36,36,,39,6,49,:,,ALPM------------------------------__C26B_6.0.pdf,2,,,,,,,,,,
106,Alpine Men,511902,ZENHAEUSERN,Ramon,SUI,42,2045,0,42,42,,38,-,0,,,ALPM------------------------------__C26B_6.0.pdf,2,,,,,,,,,,
108,Alpine Men,511852,CAVIEZEL,Gino,SUI,39,2048,0,0,,,26,38,13,64,,ALPM------------------------------__C26B_6.0.pdf,2,,,,,,,,,,
109,Alpine Men,6190793,PARAND,Loevan,FRA,38,20.49,0,0,,,38,34,0,,,ALPM------------------------------__C26B_6.0.pdf,2,,,,,,,,,,
110,Alpine Men,6203775,DELLA,VITE FILIPPO,ITA,,35,2052,0,,,:,35,35,:,,ALPM------------------------------__C26B_6.0.pdf,2,,,,,,,,,,
1,Alpine Men,104539,SEGER,Riley,CAN,34,2053,0,0,,,-,34,37,,,ALPM------------------------------__C26B_6.0.pdf,2,,,,,,,,,,
111,Alpine Men,6190469,ALPHAND,Sam,FRA,34,2053,10,57,(57),,-,0,24,43,,ALPM------------------------------__C26B_6.0.pdf,2,,,,,,,,,,
0,Alpine Women,16535237,SHIFFRIN,Mikaela,USA,0,780,1,353,353,,4,0,,,,ALPW------------------------------__C25B_2.0.pdf,1,,,,,,,,,,
2,Alpine Women,516562,RAST,Camille,SUI,963,170,0,492,492,,2,471,2,:,,ALPW------------------------------__C25B_2.0.pdf,1,,,,,,,,,,
4,Alpine Women,539909,MOLTZAN,Paula,USA,614.519,,302,6,(6),,312,5,0,,,ALPW------------------------------__C25B_2.0.pdf,1,,,,,,,,,,
5,Alpine Women,506399,HECTOR,Sara,SWE,597-536,,168,10,(10),,429,3,0,,,ALPW------------------------------__C25B_2.0.pdf,1,,,,,,,,,,
6,Alpine Women,537544,VONN,Lindsey,USA,590.543.,400,1,0,,,190,3,,,,ALPW------------------------------__C25B_2.0.pdf,1,,,,,,,,,,
8,Alpine Women,56416,SCHEIB,Julia,AUT,570.563,,0,560,560,,1,10,37,,,ALPW------------------------------__C25B_2.0.pdf,1,,,,,,,,,,
10,Alpine Women,605009,COLTURI,Lara,ALB,467666,,312,5,(5),,155,14,0,,,ALPW------------------------------__C25B_2.0.pdf,1,,,,,,,,,,
12,Alpine Women,206355,DUERR,Lena,GER,382.751,,230,9,(9),,152,15,0,,,ALPW------------------------------__C25B_2.0.pdf,1,,,,,,,,,,
13,Alpine Women,206068,WEIDLE-WINKELMANN,Kira,GER,343-790-2823,,111,9,(9),,,,,,,ALPW------------------------------__C25B_2.0.pdf,1,,,,,,,,,,
14,Alpine Women,56315,TRUPPE,Katharina,AUT,341.792,,341,4,(4),,:,,,,,ALPW------------------------------__C25B_2.0.pdf,1,,,,,,,,,,
15,Alpine Women,197497,MIRADOLI,Romane,FRA,305,828.124,13,0,,,181,4,,,,ALPW------------------------------__C25B_2.0.pdf,1,,,,,,,,,,
16,Alpine Women,6205075,DELLA,MEA,LARA,ITA,303,830,-,-,,117,14,186,11,:,ALPW------------------------------__C25B_2.0.pdf,1,,,,,,,,,,
7,Alpine Women,56128,HUETTER,Cornelia,AUT,"-302,s831.s",179,7,0,,,123,8,,,,ALPW------------------------------__C25B_2.0.pdf,1,,,,,,,,,,
18,Alpine Women,385116,LJUTIC,Zrinka,CRO,286-847,,79,21,(21),,207,9,0,,,ALPW------------------------------__C25B_2.0.pdf,1,,,,,,,,,,
19,Alpine Women,299624,PIROVANO,Laura,ITA,279,854207,4,0,,,72,17,,,,ALPW------------------------------__C25B_2.0.pdf,1,,,,,,,,,,
0,Alpine Women,STJERNESUND,STJERNESUND,Th,NOR,0,25,35,224,224,,7,0,,,,ALPW------------------------------__C25B_2.0.pdf,1,,,,,,,,,,
23,Alpine Women,6535455,JOHNSON,Breezy,USA,244889178,8,0,66,66,,18,,,,,ALPW------------------------------__C25B_2.0.pdf,1,,,,,,,,,,
23,Alpine Women,506146,SWENN,LARSSON,ANNA,SWE,244889,0,244,244,,7,-,0,,,ALPW------------------------------__C25B_2.0.pdf,1,,,,,,,,,,
25,Alpine Women,185763,LEDECKA,Ester,CZE,234,899,104,16,(16),,:,130,6,,,ALPW------------------------------__C25B_2.0.pdf,1,,,,,,,,,,
26,Alpine Women,516766,BLANC,Malorie,SUI,211,92258,20,0,,,153,5,,,,ALPW------------------------------__C25B_2.0.pdf,1,,,,,,,,,,
0,Alpine Women,276535773,OBRIEN,Nina,USA,204.929,,37,30,(30),,167,12,0,,,ALPW------------------------------__C25B_2.0.pdf,1,,,,,,,,,,
28,Alpine Women,56125,PUCHNER,Mirjam,AUT,203,930,142:Qi-,0,,,61,19,,,,ALPW------------------------------__C25B_2.0.pdf,1,,,,,,,,,,
29,Alpine Women,565360,STUHEC,Ilka,SLO,193,940,137,11,(11),,:,56,21,,,ALPW------------------------------__C25B_2.0.pdf,1,,,,,,,,,,
29,Alpine Women,56328,ORTLIEB,Nina,AUT,"193,940,132",12,0,61,61,,19,,,,,ALPW------------------------------__C25B_2.0.pdf,1,,,,,,,,,,
0,Alpine Women,31435334,GASIENICA-DANIEL,M,POL,942,,0,189,189,,10,2,45,,,ALPW------------------------------__C25B_2.0.pdf,1,,,,,,,,,,
32,Alpine Women,56388,LIENSBERGER,Katharina,AUT,189.94,,116,15,(15),,73,22,0,,,ALPW------------------------------__C25B_2.0.pdf,1,,,,,,,,,,
34,Alpine Women,56255,RAEDLER,Ariane,AUT,170,963.83,17,0,,,87,15,,,,ALPW------------------------------__C25B_2.0.pdf,1,,,,,,,,,,
35,Alpine Women,108461,RICHARDSON,Britt,CAN,163-970,,0,163,163,,13,0,,,,ALPW------------------------------__C25B_2.0.pdf,1,,,,,,,,,,
37,Alpine Women,56551,EGGER,Magdalena,AUT,"152,981.",123,14,0,,,29,25,,,,ALPW------------------------------__C25B_2.0.pdf,1,,,,,,,,,,
38,Alpine Women,198164,CHEVRIER,Marion,FRA,148.985,,148,11,(11),,:,,,,,ALPW------------------------------__C25B_2.0.pdf,1,,,,,,,,,,
39,Alpine Women,539536,WILES,Jacqueline,USA,"148.987,",120,15,0,,,26,28,,,,ALPW------------------------------__C25B_2.0.pdf,1,,,,,,,,,,
40,Alpine Women,56253,HUBER,Katharina,AUT,134.999,,134,12,(12),,:,,,,,ALPW------------------------------__C25B_2.0.pdf,1,,,,,,,,,,
0,Alpine Women,416536213,CASHMAN,Keely,USA,33,26,Ss,0,,,93,14,,,,ALPW------------------------------__C25B_2.0.pdf,1,,,,,,,,,,
0,Alpine Women,42507326,OEHLUND,Cornelia,SWE,0,125,13,0,,,,,,,,ALPW------------------------------__C25B_2.0.pdf,1,,,,,,,,,,
0,Alpine Women,43299363,MELESI,Roberta,ITA,1015,,13,33,(33),,:,105,10,,,ALPW------------------------------__C25B_2.0.pdf,1,,,,,,,,,,
45,Alpine Women,197641,GAUCHE,Laura,FRA,115,1018,21,30,(30),,:,94,13,,,ALPW------------------------------__C25B_2.0.pdf,1,,,,,,,,,,
46,Alpine Women,516553,CHRISTEN,Eliane,SUI,411,1022,0,11117,11117),,:,,,,,ALPW------------------------------__C25B_2.0.pdf,1,,,,,,,,,,
0,Alpine Women,47197616,ALPHAND,Estelle,SWE,0,32,32,77,77,,21,0,,,,ALPW------------------------------__C25B_2.0.pdf,1,,,,,,,,,,
43,Alpine Women,56367,GALLHUBER,Katharina,AUT,1041029,,104,18,(18),,:,,,,,ALPW------------------------------__C25B_2.0.pdf,1,,,,,,,,,,
49,Alpine Women,56217,BRUNNER,Stephanie,AUT,1001033,,0,88,88,,17,12,34,,,ALPW------------------------------__C25B_2.0.pdf,1,,,,,,,,,,
0,Alpine Women,50426100,HOLTMANN,Mina,Fuerst,98,1035,0,14,14,,41,84,19,:,,ALPW------------------------------__C25B_2.0.pdf,1,,,,,,,,,,
51,Alpine Women,507109,ARONSSON,ELFMAN,HANNA,SWE,97,1036,0,,,71,24,26,38,:,ALPW------------------------------__C25B_2.0.pdf,1,,,,,,,,,,
0,Alpine Women,52107427,ST-GERMAIN,Laurence,CAN,1042,,91,19,(19),,:,,,,,ALPW------------------------------__C25B_2.0.pdf,1,,,,,,,,,,
53,Alpine Women,516528,MEILLARD,Melanie,SUI,89,1044,0,89,89,,20,-,0,,,ALPW------------------------------__C25B_2.0.pdf,1,,,,,,,,,,
54,Alpine Women,6596392,HURT,AJ,USA,88,1045,0,20,20,,38,68,26,:,,ALPW------------------------------__C25B_2.0.pdf,1,,,,,,,,,,
56,Alpine Women,56517,ASTNER,Nina,AUT,85,1048,0,0,,,85,18,0,,,ALPW------------------------------__C25B_2.0.pdf,1,,,,,,,,,,
57,Alpine Women,426324,MONSEN,Marte,NOR,79,1054,78,18,(18),,:,1,46,,,ALPW------------------------------__C25B_2.0.pdf,2,,,,,,,,,,
57,Alpine Women,209963,ZENERE,Asja,ITA,79,1054,0,0,,,79,20,0,,,ALPW------------------------------__C25B_2.0.pdf,2,,,,,,,,,,
,Other,,,,,,,,,,,,,,,,,,,,,,,,,,,
59,Alpine Women,565401,BUCIK,JOGAN,ANA,slo,78,1055,0,,,55,28,23,40,:,ALPW------------------------------__C25B_2.0.pdf,2,,,,,,,,,,
60,Alpine Women,198176,LAMURE,Marie,FRA,73,1060,0,73,73,,22,,0,,,ALPW------------------------------__C25B_2.0.pdf,2,,,,,,,,,,
61,Alpine Women,299699,PETERLINI,Martina,ITA,72,1061,0,72,72,,23,0,,,,ALPW------------------------------__C25B_2.0.pdf,2,,,,,,,,,,
61,Alpine Women,56550,HOERHAGER,Lisa,AUT,72,1061,0,60,60,,26,12,46,:,,ALPW------------------------------__C25B_2.0.pdf,2,,,,,,,,,,
0,Alpine Women,6351607,KASPER,Vanessa,sul,1063,,0,70,70,,23,0,,,,ALPW------------------------------__C25B_2.0.pdf,2,,,,,,,,,,
63,Alpine Women,198253,McFARLANE,Caitlin,FRA,70,1063,0,70,70,,25,,0,,,ALPW------------------------------__C25B_2.0.pdf,2,,,,,,,,,,
65,Alpine Women,516611,SCHMITT,Janine,SUI,69,1064,63,19,(19),,-,0,6,41,,ALPW------------------------------__C25B_2.0.pdf,2,,,,,,,,,,
65,Alpine Women,516813,PILLER,Sue,SUI,69,1064,0,0,,,69,25,0,,,ALPW------------------------------__C25B_2.0.pdf,2,,,,,,,,,,
67,Alpine Women,197651,DIREZ,Clara,FRA,68,1065,0,0,,,68,26,0,,,ALPW------------------------------__C25B_2.0.pdf,2,,,,,,,,,,
68,Alpine Women,6537228,MOLLIN,Allison,USA,63,1070,52,21,(21),,-,0,11,36,,ALPW------------------------------__C25B_2.0.pdf,2,,,,,,,,,,
69,Alpine Women,516394,SUTER,Jasmina,SUI,61,1072,15,32,(32),,-,0,46,22,,ALPW------------------------------__C25B_2.0.pdf,2,,,,,,,,,,
72,Alpine Women,56664,FALCH,Natalie,AUT,56,1077,0,56,56,,27,0,,,,ALPW------------------------------__C25B_2.0.pdf,2,,,,,,,,,,
73,Alpine Women,6537468,BOCOCK,Elisabeth,USA,53,1080,0,1,1,,61,52,80,:,,ALPW------------------------------__C25B_2.0.pdf,2,,,,,,,,,,
75,Alpine Women,56302,GRITSCH,Franziska,AUT,52,1081,0,14,14,,41,38,33,:,,ALPW------------------------------__C25B_2.0.pdf,2,,,,,,,,,,
76,Alpine Women,426486,SYLVESTER-DAVIK,M,NOR,49,1084,0,0,,,49,31,0,,,ALPW------------------------------__C25B_2.0.pdf,2,,,,,,,,,,
78,Alpine Women,299630,DELAGO,Nadia,ITA,45,1088,45,23,(23),,-,0,0,,,ALPW------------------------------__C25B_2.0.pdf,2,,,,,,,,,,
78,Alpine Women,516185,HAEHLEN,Joana,SUI,45,1088,,6,6,,42O-,0,39,23,,ALPW------------------------------__C25B_2.0.pdf,2,,,,,,,,,,
80,Alpine Women,307493,ANDO,Asa,JPN,42,1091,0,42,42,,29,-,0,,,ALPW------------------------------__C25B_2.0.pdf,2,,,,,,,,,,
81,Alpine Women,565491,DVORNIK,Neja,SLO,41,1092,0,36,36,,31,5,83,:,,ALPW------------------------------__C25B_2.0.pdf,2,,,,,,,,,,
83,Alpine Women,6535791,WRIGHT,Isabella,USA,37,1096,,37,37,,25,-,0,:,,ALPW------------------------------__C25B_2.0.pdf,2,,,,,,,,,,
83,Alpine Women,108077,GRAY,Cassidy,CAN,37,1096,0,0,,,37,34,0,,,ALPW------------------------------__C25B_2.0.pdf,2,,,,,,,,,,
85,Alpine Women,6535807,CUTLER,Haley,USA,35,1098,,23,23,,28,0,12,34,,ALPW------------------------------__C25B_2.0.pdf,2,,,,,,,,,,
86,Alpine Women,516722,BRAENDLI,Anuk,SUI,32,1101,0,32,32,,32,0,,,,ALPW------------------------------__C25B_2.0.pdf,2,,,,,,,,,,
87,Alpine Women,405172,WESTHOFF,Bianca,BAKKE,NOR,31,1402,0,,,31,34,0,,,ALPW------------------------------__C25B_2.0.pdf,2,,,,,,,,,,
88,Alpine Women,6537025,BOCOCK,Mary,USA,29,1104,0,0,,,:,29,25,,,ALPW------------------------------__C25B_2.0.pdf,2,,,,,,,,,,
88,Alpine Women,198016,ESCANE,Doriane,FRA,29,1104,0,8,8,,52,21,42,-,,ALPW------------------------------__C25B_2.0.pdf,2,,,,,,,,,,
88,Alpine Women,516705,DURRER,Delia,SUI,29,1104,,22,22,,29,S-,0,7,40,ALPW------------------------------__C25B_2.0.pdf,2,,,,,,,,,,
88,Alpine Women,6535765,MANGAN,USA,,1104,,0,0,,,29,25,,,,ALPW------------------------------__C25B_2.0.pdf,2,,,,,,,,,,
92,Alpine Women,206793,DORIGO,Fabiana,GER,28,1105,0,0,,,28,37,0,,,ALPW------------------------------__C25B_2.0.pdf,2,,,,,,,,,,
93,Alpine Women,6295352,GHISALBERTI,Ilaria,ITA,25,1108,0,0,,,25,39,0,,,ALPW------------------------------__C25B_2.0.pdf,2,,,,,,,,,,
94,Alpine Women,516619,HOEPLI,Aline,SUI,24,1109,0,24,24,,36,0,,,,ALPW------------------------------__C25B_2.0.pdf,2,,,,,,,,,,
95,Alpine Women,56417,FEST,Nadine,AUT,23,1110,98,39,(39),,:,15,31,,,ALPW------------------------------__C25B_2.0.pdf,2,,,,,,,,,,
96,Alpine Women,6536171,HENSIEN,Katie,USA,2201111,,0,22,22,,41,0,,,,ALPW------------------------------__C25B_2.0.pdf,2,,,,,,,,,,
97,Alpine Women,516504,DANIOTH,Aline,SUI,21,1112,0,2137,2137),,:,,,,,ALPW------------------------------__C25B_2.0.pdf,2,,,,,,,,,,
97,Alpine Women,507011,LOEVBLOM,Hilma,SWE,21,1112,0,0,,,21,42,0,,,ALPW------------------------------__C25B_2.0.pdf,2,,,,,,,,,,
97,Alpine Women,185475,PYKALAINEN,Erika,FIN,21,1112,0,0,,,21,42,0,,,ALPW------------------------------__C25B_2.0.pdf,2,,,,,,,,,,
100,Alpine Women,6537254,MORITZ,Liv,USA,20,1113,0,20,20,,38,0,,,,ALPW------------------------------__C25B_2.0.pdf,2,,,,,,,,,,
101,Alpine Women,6296281,MONDINELLI,Emilia,ITA,19,1114,0,19,19,,40,-,0,,,ALPW------------------------------__C25B_2.0.pdf,2,,,,,,,,,,
102716171,Alpine Women,102716171,MUZAFERWA,Elvedina,BIH,1117,,0,0,,,16,30,,,,ALPW------------------------------__C25B_2.0.pdf,2,,,,,,,,,,
102,Alpine Women,516219,MING-NUFER,Priska,SUI,16,1117,13,33,(33),,-,0,3,43,,ALPW------------------------------__C25B_2.0.pdf,2,,,,,,,,,,
104,Alpine Women,107747,SMART,Amelia,CAN,14,1119,0,14,14,,41,0,,,,ALPW------------------------------__C25B_2.0.pdf,2,,,,,,,,,,
105,Alpine Women,25218,MIJARES,RUF,CARLA,AND,13,1120,0,,,13,44,0,,,ALPW------------------------------__C25B_2.0.pdf,2,,,,,,,,,,
105,Alpine Women,6296299,VALLERIANI,Giulia,ITA,13,1120,0,13,13,,44,0,,,,ALPW------------------------------__C25B_2.0.pdf,2,,,,,,,,,,
105,Alpine Women,516895,ALLENBACH,Dania,SUI,13,1120,0,-,-,,13,45,0,,,ALPW------------------------------__C25B_2.0.pdf,2,,,,,,,,,,
108,Alpine Women,6205835,PAZZAGLIA,Alice,ITA,12,1121,0,0,,,12,46,0,,,ALPW------------------------------__C25B_2.0.pdf,2,,,,,,,,,,
109,Alpine Women,56519,WECHNER,Lena,AUT,1,1122011,36,-,-,,:,0,,,,ALPW------------------------------__C25B_2.0.pdf,2,,,,,,,,,,
109,Alpine Women,56258,AGER,Christina,AUT,1,4122,10,@7,@7),,,0,1,46,,ALPW------------------------------__C25B_2.0.pdf,2,,,,,,,,,,
11,Alpine Women,155728,DUBOVSKA,Martina,CZE,10,1123,0,10,10,,46,-,0,,,ALPW------------------------------__C25B_2.0.pdf,2,,,,,,,,,,
11,Alpine Women,516530,GOOD,Nicole,SUI,10,1123,0,10,10,,468,0,,,,ALPW------------------------------__C25B_2.0.pdf,2,,,,,,,,,,
57516248,Alpine Women,57516248,FLURY,Jasmine,USA,1231-113,20,0,19,19,,41,,,,,ALPW------------------------------__C26B_6.0.pdf,2,,,,,,,,,,
58,Alpine Women,6536392,HURT,AJ,USA,127.1236,,28,39,(39),,99,22,0,,,ALPW------------------------------__C26B_6.0.pdf,2,,,,,,,,,,
59,Alpine Women,555072,GERMANE,Dzenifera,LAT,124,1239,0,124,124,,19,0,,,,ALPW------------------------------__C26B_6.0.pdf,2,,,,,,,,,,
60,Alpine Women,56217,BRUNNER,Stephanie,AUT,1221241,,0,108,108,,20,14,43,,,ALPW------------------------------__C26B_6.0.pdf,2,,,,,,,,,,
61,Alpine Women,516553,CHRISTEN,Eliane,SUI,119,1244,0,119,119,,20,0,,,,ALPW------------------------------__C26B_6.0.pdf,2,,,,,,,,,,
62,Alpine Women,209363,ZENERE,Asja,ITA,116,1247,0,-,-,,106,21,10,50,,ALPW------------------------------__C26B_6.0.pdf,2,,,,,,,,,,
63,Alpine Women,426224,MONSEN,Marte,NOR,114,1249108,22,0,,,6,53,,,,ALPW------------------------------__C26B_6.0.pdf,2,,,,,,,,,,
63,Alpine Women,507109,ARONSSON,ELFMAN,HANNA,SWE,1141249,0,88,88,,25,26,43,:,,ALPW------------------------------__C26B_6.0.pdf,2,,,,,,,,,,
65,Alpine Women,56367,GALLHUBER,Katharina,AUT,144,1252,0,111,111,,21,0,,,,ALPW------------------------------__C26B_6.0.pdf,2,,,,,,,,,,
65,Alpine Women,198176,LAMURE,Marie,FRA,1111282,,111,21,(21),,:,,,,,ALPW------------------------------__C26B_6.0.pdf,2,,,,,,,,,,
67,Alpine Women,209699,PETERLINI,Martina,ITA,107,1256,0,107,107,,23,0,,,,ALPW------------------------------__C26B_6.0.pdf,2,,,,,,,,,,
68,Alpine Women,565401,BUCIK,JOGAN,ANA,slo,102,1261,0,,,64,26,38,38,:,ALPW------------------------------__C26B_6.0.pdf,2,,,,,,,,,,
69,Alpine Women,198253,McFARLANE,Caitlin,FRA,98,1265,0,98,98,,24,0,,,,ALPW------------------------------__C26B_6.0.pdf,2,,,,,,,,,,
70,Alpine Women,705428,VLHOVA,Petra,SVK,93,1270,0,63,63,,28,30,40,:,,ALPW------------------------------__C26B_6.0.pdf,2,,,,,,,,,,
72,Alpine Women,616611,SCHMITT,Janine,SUI,85,1278,71,25,(25),,:,14,43,,,ALPW------------------------------__C26B_6.0.pdf,2,,,,,,,,,,
72,Alpine Women,56517,ASTNER,Nina,AUT,85,1278,0,0,,,85,26,0,,,ALPW------------------------------__C26B_6.0.pdf,2,,,,,,,,,,
75,Alpine Women,516185,HAEHLEN,Joana,SUI,77,128606,48,0,,,71,27,,,,ALPW------------------------------__C26B_6.0.pdf,2,,,,,,,,,,
76,Alpine Women,56550,HOERHAGER,Lisa,AUT,76,1287,0,64,64,,26,12,50,:,,ALPW------------------------------__C26B_6.0.pdf,2,,,,,,,,,,
76,Alpine Women,516394,SUTER,Jasmina,SUI,76,1287,21,40,(40),,-,0,55,31,,ALPW------------------------------__C26B_6.0.pdf,2,,,,,,,,,,
78,Alpine Women,516407,KASPER,Vanessa,SUI,74,1289,0,0,,,74,27,0,,,ALPW------------------------------__C26B_6.0.pdf,2,,,,,,,,,,
79,Alpine Women,197651,DIREZ,Clara,FRA,73,1290,0,0,,,73,28,0,,,ALPW------------------------------__C26B_6.0.pdf,2,,,,,,,,,,
80,Alpine Women,516813,PILLER,Sue,SUI,69,1204,0,0,,,69,29,0,,,ALPW------------------------------__C26B_6.0.pdf,2,,,,,,,,,,
81,Alpine Women,299630,DELAGO,Nadia,ITA,67,1296,67,27_s-,(27)_—s-,,:,0,,,,ALPW------------------------------__C26B_6.0.pdf,2,,,,,,,,,,
82,Alpine Women,56302,GRITSCH,Franziska,AUT,65,1298,0,22,22,,42,43,3d,:,,ALPW------------------------------__C26B_6.0.pdf,2,,,,,,,,,,
84,Alpine Women,56258,AGER,Christina,AUT,62,1301,32,35,(35),,:,30,37,,,ALPW------------------------------__C26B_6.0.pdf,2,,,,,,,,,,
85,Alpine Women,6537468,BOCOCK,Elisabeth,USA,59,1304,0,1,1,,71,58,31,:,,ALPW------------------------------__C26B_6.0.pdf,2,,,,,,,,,,
86,Alpine Women,56664,FALCH,Natalie,AUT,56,1307,0,56,56,,29,0,,,,ALPW------------------------------__C26B_6.0.pdf,2,,,,,,,,,,
87,Alpine Women,565463,SLOKAR,Andreja,SLO,55,1308,0,55,55,,30,0,,,,ALPW------------------------------__C26B_6.0.pdf,2,,,,,,,,,,
88,Alpine Women,426486,SYLVESTER-DAVIK,M,NOR,54,1309,0,-,-,,54,32,0,,,ALPW------------------------------__C26B_6.0.pdf,2,,,,,,,,,,
89,Alpine Women,56417,FEST,Nadine,AUT,51,1312,16,43,(43),,,0,35,35,,ALPW------------------------------__C26B_6.0.pdf,2,,,,,,,,,,
90,Alpine Women,516705,DURRER,Delia,SUI,47,1316,,36,36,,32,-,0,11,47,ALPW------------------------------__C26B_6.0.pdf,2,,,,,,,,,,
91,Alpine Women,6536171,HENSIEN,Katie,USA,44,1319,0,4,4,,64,40,36,:,,ALPW------------------------------__C26B_6.0.pdf,2,,,,,,,,,,
92,Alpine Women,307493,ANDO,Asa,JPN,43,1320,0,43,43,,33,,0,,,ALPW------------------------------__C26B_6.0.pdf,2,,,,,,,,,,
93,Alpine Women,6535791,WRIGHT,Isabella,USA,40,1323,40,31,(31),,-,0,0,,,ALPW------------------------------__C26B_6.0.pdf,2,,,,,,,,,,
93,Alpine Women,516219,MING-NUFER,Priska,SUI,40,1323,33,34,(34),,-,0,7,62,,ALPW------------------------------__C26B_6.0.pdf,2,,,,,,,,,,
95,Alpine Women,108077,GRAY,Cassidy,CAN,39,1324,0,0,,,39,37,0,,,ALPW------------------------------__C26B_6.0.pdf,2,,,,,,,,,,
96,Alpine Women,6535765,MANGAN,Tricia,USA,35,1328,0,0,,,-,35,35,,,ALPW------------------------------__C26B_6.0.pdf,2,,,,,,,,,,
96,Alpine Women,6535807,CUTLER,Haley,USA,35,1328,23,39,(39),,:,12,45,,,ALPW------------------------------__C26B_6.0.pdf,2,,,,,,,,,,
98,Alpine Women,516722,BRAENDLI,Anuk,SUI,32,1331,0,32,32,,36,0,,,,ALPW------------------------------__C26B_6.0.pdf,2,,,,,,,,,,
99,Alpine Women,405172,WESTHOFF,Bianca,NOR,,31,1332,0,,,31,37,0,,,ALPW------------------------------__C26B_6.0.pdf,2,,,,,,,,,,
100,Alpine Women,198016,ESCANE,Doriane,FRA,30,1333,0,8,8,,56,22,44,:,,ALPW------------------------------__C26B_6.0.pdf,2,,,,,,,,,,
100,Alpine Women,516619,HOEPLI,Aline,SUI,30,1333,0,30,30,,38,0,,,,ALPW------------------------------__C26B_6.0.pdf,2,,,,,,,,,,
100,Alpine Women,6205352,GHISALBERTI,Ilaria,ITA,30,1333,0,0,,,30,40,0,,,ALPW------------------------------__C26B_6.0.pdf,2,,,,,,,,,,
103,Alpine Women,6537025,BOCOCK,Mary,USA,29,1334,0,0,,,:,29,38,,,ALPW------------------------------__C26B_6.0.pdf,2,,,,,,,,,,
103,Alpine Women,206793,DORIGO,Fabiana,GER,29,1334,0,0,,,29,42,-,,,ALPW------------------------------__C26B_6.0.pdf,2,,,,,,,,,,
106,Alpine Women,198020,CLEMENT,Karen,FRA,27,13360,2,3,3),,:,25,40,,,ALPW------------------------------__C26B_6.0.pdf,2,,,,,,,,,,
107,Alpine Women,107798,NULLMEYER,Ali,CAN,26,1337,0,26,26,,41,0,,,,ALPW------------------------------__C26B_6.0.pdf,2,,,,,,,,,,
108,Alpine Women,516504,DANIOTH,Aline,SUI,22,1341,0,22,22,,42,0,,,,ALPW------------------------------__C26B_6.0.pdf,2,,,,,,,,,,
108,Alpine Women,507011,LOEVBLOM,Hilma,SWE,22,1341,0,0,,,22,44,0,,,ALPW------------------------------__C26B_6.0.pdf,2,,,,,,,,,,
110185475,Alpine Women,110185475,PYKALAINEN,Erika,FIN,1342,,0,21,21,,46,0,,,,ALPW------------------------------__C26B_6.0.pdf,2,,,,,,,,,,
1116537254,Alpine Women,1116537254,MORITZ,Liv,USA,"1343,",,20,44,(44),,:,,,,,ALPW------------------------------__C26B_6.0.pdf,2,,,,,,,,,,
111,Alpine Women,6296281,MONDINELLI,Emilia,ITA,20,1343,0,20,20,,44,0,,,,ALPW------------------------------__C26B_6.0.pdf,2,,,,,,,,,,
21,Alpine Women,GRENIER,Valerie,CAN,INTT,21.75,20.23,23,31,31,,Spt:,91.33,7,,,ALPWDH----------------------------__C77B_1.0.pdf,3,,,,,,,,,,
22,Alpine Women,MUZAFERIJA,Elvedina,BIH,INTT,21.76,19.95,17,32,32,,Spt:,90.98,11,,,ALPWDH----------------------------__C77B_1.0.pdf,3,,,,,,,,,,
23,Alpine Women,GAUCHE,Laura,FRA,INTT,21.69,20.13,20,28,28,,Spt:,89.4,24,,,ALPWDH----------------------------__C77B_1.0.pdf,3,,,,,,,,,,
24,Alpine Women,WRIGHT,Isabella,USA,INTT,21.63,20.2,22,0-19,0-19,,Spt:,9227,6,,,ALPWDH----------------------------__C77B_1.0.pdf,3,,,,,,,,,,
25,Alpine Women,CERUTTI,Camille,FRA,INTT,22.61,20.87,28,117,117,,Spt:,86.1,32,,,ALPWDH----------------------------__C77B_1.0.pdf,3,,,,,,,,,,
26,Alpine Women,MORENO,Cande,AND,INTT,21.82,20.38,23,,,,Spt:,89.85,,,,ALPWDH----------------------------__C77B_1.0.pdf,3,,,,,,,,,,
27,Alpine Women,PLESHKOVA,Julia,AIN,INTT,2071,20.49,24,0.27,0.27,,Spt:,9187,6,,,ALPWDH----------------------------__C77B_1.0.pdf,3,,,,,,,,,,
28,Alpine Women,POHJOLAINEN,Rosa,FIN,INTT,22.41,20.63,26,0.97,0.97,,Spt:,87.78,26,,,ALPWDH----------------------------__C77B_1.0.pdf,3,,,,,,,,,,
29,Alpine Women,CAMINAL-SANTURE,Jordina,AND,INTT,21.99,20.52,25,88,88,,Spt:,88.14,25,,,ALPWDH----------------------------__C77B_1.0.pdf,3,,,,,,,,,,
30,Alpine Women,NOVAKOVA,Barbora,CZE,INTT,22.06,21.23,1,62,62,,Spt:,86.96,29,,,ALPWDH----------------------------__C77B_1.0.pdf,3,,,,,,,,,,
1,Alpine Women,6,JOHNSON,BREEZY,,1996,,1:36.10,0,0,,,,,,,ALPWDH----------------FNL-000100--__C73A_1.0.pdf,1,,,,,,,,,,
2,Alpine Women,10,AICHER,EMMA,,2003,,1:36.14,4,4,,,1.07,0.52,,,ALPWDH----------------FNL-000100--__C73A_1.0.pdf,1,,,,,,,,,,
4,Alpine Women,17,WILES,JACQUELINE,,1992,,1:36.96,86,86,,22.81,11.19,,,,ALPWDH----------------FNL-000100--__C73A_1.0.pdf,1,,,,,,,,,,
40,Alpine Women,56128,HUETTER,Cornelia,,AUT,,1:36.96,86,,,22.81,11.19,,,,ALPWDH----------------FNL-000100--__C73A_1.0.pdf,1,,,,,,,,,,
6,Alpine Women,8,PIROVANO,LAURA,,1997,,1:37.04,94,94,,24.91,12.23,,,,ALPWDH----------------FNL-000100--__C73A_1.0.pdf,1,,,,,,,,,,
7,Alpine Women,9426257,LIE-VICKHOFF,Kajsa,,1998,,1:37.08,0.98,0.98,,25.96,12.75,,,,ALPWDH----------------FNL-000100--__C73A_1.0.pdf,1,,,,,,,,,,
8,Alpine Women,2,RAEDLER,ARIANE,,1995,,1:37.20,110,110,,29.11,14.31,,,,ALPWDH----------------FNL-000100--__C73A_1.0.pdf,1,,,,,,,,,,
9,Alpine Women,12,WEIDLE-WINKELMANN,KIRA,,1996,,1:37.26,116,116,,30.68,15.09,,,,ALPWDH----------------FNL-000100--__C73A_1.0.pdf,1,,,,,,,,,,
10,Alpine Women,3297601,BRIGNONE,Federica,,ITA,,137.29,119,119,,31.46,15.48,,,,ALPWDH----------------FNL-000100--__C73A_1.0.pdf,1,,,,,,,,,,
14,Alpine Women,16,SUTER,CORINNE,,1994,,1:38.01,191,191,,60.12,24.84,,,,ALPWDH----------------FNL-000100--__C73A_1.0.pdf,1,,,,,,,,,,
15,Alpine Women,20,STUHEC,ILKA,,1990,,1:38.08,198,198,,51.92,25.75,,,,ALPWDH----------------FNL-000100--__C73A_1.0.pdf,1,,,,,,,,,,
16,Alpine Women,19,MIRADOLI,ROMANE,,1994,,1:38.10,200,200,,52.44,26.01,,,,ALPWDH----------------FNL-000100--__C73A_1.0.pdf,1,,,,,,,,,,
17,Alpine Women,5,SCHMITT,JANINE,,2000,,"1:38.28,",218,218,,57.05,28.36,,,,ALPWDH----------------FNL-000100--__C73A_1.0.pdf,1,,,,,,,,,,
18,Alpine Women,4,FLURY,JASMINE,,1993,,1:38.51,241,241,,62.92,31.35,,,,ALPWDH----------------FNL-000100--__C73A_1.0.pdf,1,,,,,,,,,,
19,Alpine Women,1516766,BLANC,Malorie,SUI,,,138.77,267,267,,69.53,34.73,,,,ALPWDH----------------FNL-000100--__C73A_1.0.pdf,1,,,,,,,,,,
20,Alpine Women,22716171,MUZAFERIJA,Elvedina,BIH,,,138.81,271,271,,70.54,36.25,,,,ALPWDH----------------FNL-000100--__C73A_1.0.pdf,1,,,,,,,,,,
0,Alpine Women,21246535791,WRIGHT,Isabella,,,,1:38.85,275,275,,71.55,38.77,,,,ALPWDH----------------FNL-000100--__C73A_1.0.pdf,1,,,,,,,,,,
2,Alpine Women,29,CAMINAL,SANTURE Jordina,AND,2003,,1:41.34,5.24,5.24,,68.16.,41.34,,,,ALPWDH----------------FNL-000100--__C73A_1.0.pdf,1,,,,,,,,,,
25,Alpine Women,30,NOVAKOVA,BARBORA,,2002,,"1:41.89,",5.79,5.79,,146.16,75.31,,,,ALPWDH----------------FNL-000100--__C73A_1.0.pdf,1,,,,,,,,,,
26,Alpine Women,32,GRAY,CASSIDY,,2001,,"1:41.99,",5.89,5.89,,148.53,76.61,,,,ALPWDH----------------FNL-000100--__C73A_1.0.pdf,1,,,,,,,,,,
27,Alpine Women,33115279,SCHWENCKE,Matilde,,CHI,,1:43.31,7.21,7.21,,179.50,93.78,,,,ALPWDH----------------FNL-000100--__C73A_1.0.pdf,1,,,,,,,,,,
28,Alpine Women,28,POHJOLAINEN,ROSA,,2003,,1:44.08,7.98,7.98,,197.2,103.8,,,,ALPWDH----------------FNL-000100--__C73A_1.0.pdf,1,,,,,,,,,,
29,Alpine Women,35,LABASTOVA,ALENA,,2002,,1:44.55,8.45,8.45,,207.88,109.91,,,,ALPWDH----------------FNL-000100--__C73A_1.0.pdf,1,,,,,,,,,,
30,Alpine Women,34,BEGUE,NICOLE,ARG,2006,,1:44.73,8.63,8.63,,211.94,112.25,,,,ALPWDH----------------FNL-000100--__C73A_1.0.pdf,1,,,,,,,,,,
31,Alpine Women,316296101,NEGRI,Elisa-MARIA,,2003,,"1:45.48,",9.38,9.38,,228.72,122.01,,,,ALPWDH----------------FNL-000100--__C73A_1.0.pdf,1,,,,,,,,,,
32,Alpine Women,36,SHEPILENKO,ANASTASIA,,2000,,1:47.70,11.6,11.6,,277.02,150.88,,,,ALPWDH----------------FNL-000100--__C73A_1.0.pdf,1,,,,,,,,,,
1,Other,GER,LOCHNER,Johannes,,1,46.83,1,98.3,,,1,120.48,1,132.64,1,BOBMTEAM2-------------FNL---------__C77D_4.0.pdf,1,54.68,(1),,,,,,,,
2,Other,GER,FRIEDRICH,Francesco,,,46.7,2,97.03,(=5),,119.44,4,131,2,55.16,BOBMTEAM2-------------FNL---------__C77D_4.0.pdf,1,(3),,,,,,,,,
3,Other,GER,AMMOUR,Adam,,,46.58,3,97.61,(2),,119.84,2,131,2,55.12,BOBMTEAM2-------------FNL---------__C77D_4.0.pdf,1,(2),,,,,,,,,
4,Other,USA,del DUCA,FRANKIE,,4.9010,45.97,10,97.08,97.08,,4,119.36,6,130.43,4,BOBMTEAM2-------------FNL---------__C77D_4.0.pdf,1,55.4,(4),,,,,,,,
5,Other,ROU,TENTEA,Mihai,,4.95,17,45.53,18,(18),,96.41,11,118.96,7,130.05,BOBMTEAM2-------------FNL---------__C77D_4.0.pdf,1,(5),55.73,(10),,,,,,,
6,Other,SUI,VOGT,Michael,,9,46.07,7,96.61,96.61,,9,118.7310,129.4010,55.64,7,BOBMTEAM2-------------FNL---------__C77D_4.0.pdf,1,,,,,,,,,,
7,Other,ITA,BAUMGARTNER,Patrick,,16,45.85,13,97.34,97.34,,3,119.52,3,129.4010,55.58,BOBMTEAM2-------------FNL---------__C77D_4.0.pdf,1,(6),,,,,,,,,
8,Other,LAT,KALENDA,Jekabs,,6,46.28,4,96.3,96.3,,14,118.81,9,129.4010,55.68,BOBMTEAM2-------------FNL---------__C77D_4.0.pdf,1,(9),,,,,,,,,
9,Other,AUT,TREICHL,Markus,,45.89,12,96.3512,118.26-13,118.26(-13),,129.68,7,55.89,13,,BOBMTEAM2-------------FNL---------__C77D_4.0.pdf,2,,,,,,,,,,
10,Other,FRA,HEINRICH,Romain,,46.02,8,96.05,17,(=17),,118.49,12,129.68,7,55.75,BOBMTEAM2-------------FNL---------__C77D_4.0.pdf,2,(11),,,,,,,,,
10,Other,NED,WESSELINK,Dave,,45.96,11,97.03,5,(=5),,118.26 13,128.2,14,55.83,12,BOBMTEAM2-------------FNL---------__C77D_4.0.pdf,2,,,,,,,,,,
12,Other,GBR,HALL,Brad,,6,46.28,4,96.67,96.67,,8,118.89,8,128.93,13,BOBMTEAM2-------------FNL---------__C77D_4.0.pdf,2,55.65,(8),,,,,,,,
13,Other,KOR,KIM,Jinsu,,4,46.09,6,96.15,96.15,,16,118.7310,129.58,9,55.53,BOBMTEAM2-------------FNL---------__C77D_4.0.pdf,2,(5),,,,,,,,,
14,Other,SUL,FOLLADOR,Cedric,,18,45.55,16,96.84,96.84,,19,117.95-18,127.84,16,56.17,BOBMTEAM2-------------FNL---------__C77D_4.0.pdf,2,(17),,,,,,,,,
18,Other,SUI,ROHNER,Timo,,45.37,20,96.46,10,(10),,119.44,4,129.96,6,55.95,BOBMTEAM2-------------FNL---------__C77D_4.0.pdf,2,(14),,,,,,,,,
16,Other,CHN,,,,8,96.05,17,117.9518,117.95(=18),,127.56,17,56.15,16,,BOBMTEAM2-------------FNL---------__C77D_4.0.pdf,2,,,,,,,,,,
17,Other,CHN,LIChunjian,,,45.81,14,96.77,7,(7),,118.18-15,127.29,18,55.99,15,BOBMTEAM2-------------FNL---------__C77D_4.0.pdf,2,,,,,,,,,,
18,Other,CAN,AUSTIN,Taylor,,45.38,19,96.3512,117.49,117.49,,21,127.02,19,56.18,18,BOBMTEAM2-------------FNL---------__C77D_4.0.pdf,3,,,,,,,,,,
19,Other,KOR,SUK,Youngjin,,45.2,24,96.2,15,(15),,118.1815,126.22,22,56.27,19,BOBMTEAM2-------------FNL---------__C77D_4.0.pdf,3,,,,,,,,,,
20,Other,LIE,KRANZ,Martin,,45.36,21,95.79,20,(20),,118.1818,128.11,15,56.31,20,BOBMTEAM2-------------FNL---------__C77D_4.0.pdf,3,,,,,,,,,,
21,Other,AUT,MANDLBAUER,Jakob,,45.54,17,96.69,21,(21),,117.64,20,126.58,20,56.34,BOBMTEAM2-------------FNL---------__C77D_4.0.pdf,3,(21),,,,,,,,,
22,Other,JAM,PITTER,Shane,,23,45.35,22,94.73,94.73,,22,116.73,22,126.49,21,BOBMTEAM2-------------FNL---------__C77D_4.0.pdf,3,56.68,(22),,,,,,,,
23,Other,CAN,DEARBORN,Jay,,6,45.67,15,93.79,93.79,,24,116.35,23,124.91,25,BOBMTEAM2-------------FNL---------__C77D_4.0.pdf,3,56.74,(23),,,,,,,,
24,Other,BRA,BINDILATTI,Edson-LUQUES,,4.9921,45.29,23,93.55,93.55,,26,115.6,26,126.05,23,BOBMTEAM2-------------FNL---------__C77D_4.0.pdf,3,56.95,(24),,,,,,,,
25,Other,TTO,BROWN,Axel,,45.16,25,93.84,23,(23),,116.75,25,124.13,26,57.22,BOBMTEAM2-------------FNL---------__C77D_4.0.pdf,3,(25),,,,,,,,,
26,Other,ISR,EDELMAN,Adam,,26,44.7,26,93.75,93.75,,25,116.9,24,125.26,24,BOBMTEAM2-------------FNL---------__C77D_4.0.pdf,3,57.38,(26),,,,,,,,
29,Other,13,FAK,Jakov,SLO,1,0,41,0,0,,2,56:55.5,+5:24.0,,,BTHM20KMIS------------FNL-000100--__C73A_1.0.pdf,1,,,,,,,,,,
57,Other,2,YAN,Xingyuan,CHN,0,0,2,1,1,,3,59:01.5,+7:30.0,,,BTHM20KMIS------------FNL-000100--__C73A_1.0.pdf,1,,,,,,,,,,
23,Other,11|,HOLLMANN,Maximillian,CAN,3:41.41,12,11:18.6],30,30,,24{24:56.9|,+1:207],52.22,,,CCSM10KMIS------------FNL-000100--__C73A_1.0.pdf,1,,,,,,,,,,
28,Other,_,ALEVALVAR,Johannes,,,,3:37.9],21[,=21[,,11:16.5|,27,27|__22:10.2|,_+1:34.0],60.83,CCSM10KMIS------------FNL-000100--__C73A_1.0.pdf,1,,,,,,,,,,
91,Other,_,FROMMELT,ROBIN,,,403.8,_81|,1301.1],1301.1],,86],89|,_26.08.1|,__+5:31.9/,214.79,CCSM10KMIS------------FNL-000100--__C73A_1.0.pdf,2,,,,,,,,,,
92,Other,_87|,ENDRESTAD,Sebastian,CHI,4:04.4[,82,13:07.8],88|,88|,,94],26:21.0|,_+5:44.8|,223.14,,CCSM10KMIS------------FNL-000100--__C73A_1.0.pdf,2,,,,,,,,,,
21,Other,_29[,NEPRYAEVA,Dariya,AIN,4:13.0[,22,12:39.2,24:45.0|,24,45.0|,_+1:55.8|,67.66,,,,CCSW10KMIS------------FNL-000100--__C73A_1.0.pdf,1,,,,,,,,,,
24,Other,_,PRYCE,ANNA,GBR,,,440.3,13|,13,,12:39.8],19,21:35.9|,22|,24:55.1[,CCSW10KMIS------------FNL-000100--__C73A_1.0.pdf,1,_+2:05.9|,73.56,,,,,,,,
51,Other,__,GAL,MELISSA,FRA,,414.2,25,13:09.0],13,09.0],39],50,26:08.0|,_+3:18.8],116.16,CCSW10KMIS------------FNL-000100--__C73A_1.0.pdf,2,,,,,,,,,,
65,Other,_78|,MYHAL,Daryna,UKR,4:41.0[,73,13:48.2|,67|,67|,,67|__26:51.2|,_,+4:02.0|,141.4,,CCSW10KMIS------------FNL-000100--__C73A_1.0.pdf,2,,,,,,,,,,
95,Other,_,MEDJA,LUCIJA,SLO,,511.7,101|,15:36.7|,15,36.7|,100,96],30:14.6|,_+7:25.4|,260.24,CCSW10KMIS------------FNL-000100--__C73A_1.0.pdf,2,,,,,,,,,,
96,Other,_,REITDELIA,loana,,,,5.00.3],92|,92|,,15:27.7|,97,95],30:18.3|,__+7:29.1|,CCSW10KMIS------------FNL-000100--__C73A_1.0.pdf,2,262.4,,,,,,,,,
1,Other,4,LEMLEY,ELIZABETH,USA,,2006,80.95,2,79.02,,4,82.3,,1000,,FRSWMO----------------------------__C74M_1.0.pdf,1,,,,,,,,,,
2,Other,7,KAUF,JAELIN,USA,,1996,53.38,27,77.18,,2,80.13,2,80.77,800,FRSWMO----------------------------__C74M_1.0.pdf,1,,,,,,,,,,
3,Other,11,LAFFONT,PERRINE,FRA,,1998,79.47,4,76.21,,8,78,,600,,FRSWMO----------------------------__C74M_1.0.pdf,1,,,,,,,,,,
4,Other,6,TOMITAKA,HINAKO,JPN,,2000,75.28,5,79.42,,3,78,,500,,FRSWMO----------------------------__C74M_1.0.pdf,1,,,,,,,,,,
5,Other,2533204,SCHWINGHAMMER,Maia,CAN,,2001,74.9,6,77.18,,6,77.61,,450,,FRSWMO----------------------------__C74M_1.0.pdf,1,,,,,,,,,,
6,Other,12,WILSON,CHARLOTTE,AUS,,2005,49.95,28,77.79,,1,78.38,8,75.17,400,FRSWMO----------------------------__C74M_1.0.pdf,1,,,,,,,,,,
7,Other,2529074,CARROLL,Avital,AUT,,1996,71.6,11,76.49,,3,76.39,7,71.89,360,FRSWMO----------------------------__C74M_1.0.pdf,1,,,,,,,,,,
8,Other,1,ANTHONY,JAKARA,AUS,,1998,81.65,1,83.96,,1,60.81,,320,,FRSWMO----------------------------__C74M_1.0.pdf,1,,,,,,,,,,
9,Other,3,GIACCIO,OLIVIA,USA,,2000,80.74,3,75.81,,9,,,290,,FRSWMO----------------------------__C74M_1.0.pdf,1,,,,,,,,,,
10,Other,2,JOHNSON,TESS,USA,,2000,73.79,9,75.31,,10,,,260,,FRSWMO----------------------------__C74M_1.0.pdf,1,,,,,,,,,,
14,Other,10,FUJIKI,HINA,JPN,,2001,65.89,19,70.06,,8,73.24,11,240,,FRSWMO----------------------------__C74M_1.0.pdf,1,,,,,,,,,,
12,Other,17,DESMARAIS-GILBERT,LAURIANNE,CAN,,1997,74.13,8,72.65,,12,,,220,,FRSWMO----------------------------__C74M_1.0.pdf,1,,,,,,,,,,
13,Other,20,YANAGIMOTO,RINO,JPN,,2000,68.49,16,73.35,,4,72.49,13,200,,FRSWMO----------------------------__C74M_1.0.pdf,1,,,,,,,,,,
14,Other,14,GALYSHEVA,YULIYA,KAZ,,1992,69.6,14,73.08,,5,72.34,14,180,,FRSWMO----------------------------__C74M_1.0.pdf,1,,,,,,,,,,
15,Other,5,GORODKO,ANASTASSIYA,KAZ,,2005,70.98,12,71.52,,7,72.15,15,160,,FRSWMO----------------------------__C74M_1.0.pdf,1,,,,,,,,,,
16,Other,23,KOEHLER,ASHLEY,CAN,,2003,70.7,13,69.61,,9,71.39,16,150,,FRSWMO----------------------------__C74M_1.0.pdf,1,,,,,,,,,,
17,Other,18,NAKAO,HARUKA,JPN,,2001,74.71.,7,70.89,,17,,,140,,FRSWMO----------------------------__C74M_1.0.pdf,1,,,,,,,,,,
18,Other,15,AMRENOVA,AYAULYM,KAZ,,2001,63.5,20,68.98,,10,68.47,18,130,,FRSWMO----------------------------__C74M_1.0.pdf,1,,,,,,,,,,
19,Other,13,LINTON,JESSICA,CAN,,2001,69.21,15,72.89,,6,67.04,19,120,,FRSWMO----------------------------__C74M_1.0.pdf,1,,,,,,,,,,
20,Other,16,CABROL,CAMILLE,FRA,,1997,73.07,10,61.43,,20,,,110,,FRSWMO----------------------------__C74M_1.0.pdf,1,,,,,,,,,,
21,Other,21,BOSCO,EMMA,AUS,,2002,66.58,17,62.48,,14,,,100,,FRSWMO----------------------------__C74M_1.0.pdf,1,,,,,,,,,,
22,Other,24,GERKEN,SCHOFIELD,,,1999,,66.38,66.17,,11,,,90,,FRSWMO----------------------------__C74M_1.0.pdf,1,,,,,,,,,,
23,Other,22,DUAUX,MARIE,FRA,,2004,59,22,65.13,,12,,,80,,FRSWMO----------------------------__C74M_1.0.pdf,1,,,,,,,,,,
24,Other,30,YUN,SHINEE,KOR,,2007,59.4,21,64.46,,13,,,70,,FRSWMO----------------------------__C74M_1.0.pdf,1,,,,,,,,,,
25,Other,19,LUNDHOLM,ELIS,SWE,,2002,12.05,29,59.22,,15,,,60,,FRSWMO----------------------------__C74M_1.0.pdf,1,,,,,,,,,,
26,Other,26,RAMSAUER,KATHARINA,AUT,,19.95,58.93,23,59.19,,16,,,50,,FRSWMO----------------------------__C74M_1.0.pdf,1,,,,,,,,,,
27,Other,25,MALHERBE,MALICA,RSA,,2004,55.85,25,58.86,,17,,,45,,FRSWMO----------------------------__C74M_1.0.pdf,1,,,,,,,,,,
28,Other,27,YANG,YA,CHN,,2003,57.6,24,57.72,,18,,,40,,FRSWMO----------------------------__C74M_1.0.pdf,1,,,,,,,,,,
29,Other,28,LI,Ruilin,,,2006,53.45,26,52.83,,19,,,36,,FRSWMO----------------------------__C74M_1.0.pdf,1,,,,,,,,,,
29,Other,2537886,PASSARETTA,Manuela,ITA,,2006,DNS,,,,,,,,,FRSWMO----------------------------__C74M_1.0.pdf,1,,,,,,,,,,
1,Other,2,MADEROVA,ZUZANA,CZE,,2003,1000,,,,,,,,,SBDWPGS---------------------------__C74P_1.0.pdf,1,,,,,,,,,,
2,Other,9,PAYER,SABINE,AUT,,1992,800,,,,,,,,,SBDWPGS---------------------------__C74P_1.0.pdf,1,,,,,,,,,,
4,Other,6,CAFFONT,ELISA,ITA,,1999,500,,,,,,,,,SBDWPGS---------------------------__C74P_1.0.pdf,1,,,,,,,,,,
5,Other,1,LEDECKA,ESTER,CZE,,1995,45.04.,45.75,45.75,,1:30.79,450,,,,SBDWPGS---------------------------__C74P_1.0.pdf,1,,,,,,,,,,
6,Other,3,MIKI,TSUBAKI,JPN,,2003,45.62,47.25,47.25,,1:32.87,400,,,,SBDWPGS---------------------------__C74P_1.0.pdf,1,,,,,,,,,,
7,Other,5,KROL-WALAS,ALEKSANDRA,POL,,1990,46.81,46.37,46.37,,,360,,,,SBDWPGS---------------------------__C74P_1.0.pdf,1,,,,,,,,,,
8,Other,7,HOFMEISTER,RAMONA-Theresia,,,1996,46.72,46.72,46.75,,1:33.47,320,,,,SBDWPGS---------------------------__C74P_1.0.pdf,1,,,,,,,,,,
9,Other,8,DEKKER,MICHELLE,NED,,1996,46.22.,47.41,47.41,,1:33.63,290,,,,SBDWPGS---------------------------__C74P_1.0.pdf,1,,,,,,,,,,
10,Other,10,ZAMFIROVA,MALENA,BUL,,2009,46.89,46.89,47.4,,1:34.29,260,,,,SBDWPGS---------------------------__C74P_1.0.pdf,1,,,,,,,,,,
11,Other,11,ZOGG,JULIE,SUI,,1992,47.69,46.67,46.67,,1:34.36,240,,,,SBDWPGS---------------------------__C74P_1.0.pdf,1,,,,,,,,,,
12,Other,12,MOISAN,Aurelie,,,2005,48.24,48.24,46.32,,,220,,,,SBDWPGS---------------------------__C74P_1.0.pdf,1,,,,,,,,,,
13,Other,13,CORATTI,JASMIN,ITA,,2001,47.3,47.3,47.7,,1:35.00,200,,,,SBDWPGS---------------------------__C74P_1.0.pdf,1,,,,,,,,,,
14,Other,14,BUCK,KAYLIE,CAN,,2000,47.96,47.38,47.38,,1:35.34,180,,,,SBDWPGS---------------------------__C74P_1.0.pdf,1,,,,,,,,,,
15,Other,15,LOCH,CHEYENNE,GER,,1994,48.5,46.9,46.9,,1:35.40,160,,,,SBDWPGS---------------------------__C74P_1.0.pdf,1,,,,,,,,,,
16,Other,16,RIEGLER,CLAUDIA,AUT,,1973,47.35,48.08,48.08,,1:36.43,150,,,,SBDWPGS---------------------------__C74P_1.0.pdf,1,,,,,,,,,,
17,Other,34,KOTNIK,GLORIA,SLO,,1989,47.66,47.77,47.77,,,140,,,,SBDWPGS---------------------------__C74P_1.0.pdf,1,,,,,,,,,,
48,Other,37,BAETSCHI FLURINA,Neva,,,2003,48.01,48.01,47.67,,,130,,,,SBDWPGS---------------------------__C74P_1.0.pdf,1,,,,,,,,,,
19,Other,45,SIEBENTHAL von,Xenia,,,2007,47.84,47.84,48.02,,,120,,,,SBDWPGS---------------------------__C74P_1.0.pdf,1,,,,,,,,,,
20,Other,38,HOCHREITER,MELANIE,GER,,1996,47.8,48.84,48.84,,,110,,,,SBDWPGS---------------------------__C74P_1.0.pdf,1,,,,,,,,,,
21,Other,41,GONG,NAIYING,CHN,,1998,48.74,48.12,48.12,,,100,,,,SBDWPGS---------------------------__C74P_1.0.pdf,1,,,,,,,,,,
22,Other,39,TAKEUCHI,TOMOKA,JPN,,1983,48,48.88,48.88,,,90,,,,SBDWPGS---------------------------__C74P_1.0.pdf,1,,,,,,,,,,
23,Other,35,ANKELE,MARTINA,AUT,,2002,49,48.58,48.58,,,80,,,,SBDWPGS---------------------------__C74P_1.0.pdf,1,,,,,,,,,,
23,Other,23°-9815102_,CAVIEZEL,Ladina,SUI,,1993,48.88,48.7,48.7,,,80,,,,SBDWPGS---------------------------__C74P_1.0.pdf,1,,,,,,,,,,
25,Other,46,DONG,YUYUE,CHN,,2008,49.35,49.35,48.79,,,60,,,,SBDWPGS---------------------------__C74P_1.0.pdf,1,,,,,,,,,,
26,Other,47,SCHEID,MATHILDA,GER,,2008,49.12,49.12,49.51,,,50,,,,SBDWPGS---------------------------__C74P_1.0.pdf,1,,,,,,,,,,
27,Other,43,BUKOWSKACHYC,MARIA,POL,,1999,49.34,49.83,49.83,,,45,,,,SBDWPGS---------------------------__C74P_1.0.pdf,1,,,,,,,,,,
28,Other,42°,BAI,XINHUI,CHN,,2002,47.56,51.66,=,,,40,,,,SBDWPGS---------------------------__C74P_1.0.pdf,1,,,,,,,,,,
29,Other,24,DANCHA,Annamari,,,1990,49.39,49.39,50,,,36,,,,SBDWPGS---------------------------__C74P_1.0.pdf,1,,,,,,,,,,
30,Other,40,PFLUM,IRIS,USA,,2003,50.42,49.66,49.66,,,,,,,SBDWPGS---------------------------__C74P_1.0.pdf,1,,,,,,,,,,
31,Other,44,JEONG,HAERIM,KOR,,19.95,49.78,50.77,50.77,,,,,,,SBDWPGS---------------------------__C74P_1.0.pdf,1,,,,,,,,,,
8,Other,FEB,SNOW,Park,,,,6185,,,,,,,,,SBDWPGS---------------------------__C74P_1.0.pdf,1,,,,,,,,,,
40,Other,|SUNDAL,Kristoffer,Eriksen,NOR,35,3,ae,57,57,,ms,_,1,‘,OA,SJPMNHTRAIN-----------TRNO0100SJ--__C73A_1.0.pdf,2,3,-3,a,112,ms,,,,,
22,Other,|EMBACHER,Stephan,AUT,,10,,33,wi,wi,,ms,1025,13,8,5,SJPMNHTRAIN-----------TRNO0100SJ--__C73A_1.0.pdf,2,3,120,i,88,7,,,,,
48,Other,NIKAIDO,Ren,JPN,,ons,,or,m7,m7,,war,oad,13,0.08,al,SJPMNHTRAIN-----------TRNO0100SJ--__C73A_1.0.pdf,2,3,oon,i,98,704,,,,,
7,Other,Base,Values,Temperature,,Humidity,,Tan.,Wind,Wind,,[m/s],,,,,SJPMNHTRAIN-----------TRNO0100SJ--__C73A_1.0.pdf,3,,,,,,,,,,
14,Other,_0.76m,,,,965,,103.0},99.4,99.4,,|,84.7,|,85.5,|,SJPMNHTRAIN-----------TRNO0100SJ--__C73A_1.0.pdf,3,85.1,,,,,,,,,
60,Other,points,are,awarded,FOR,jumping,,K-point,distance.,distance.,,2,points/metre,are,added,to,SJPMNHTRAIN-----------TRNO0100SJ--__C73A_1.0.pdf,3,(or,subtracted,from),the,athlete's,total,points,for,the,jump's
38,Other,|,TOMASIAK,Kacper,POL,“ae,88,8,1,1,,ms,an,wae,a,oe,SJPMNHTRAIN-----------TRNO0200SJ--__C73A_1.0.pdf,2,7°,DNS,,,,,,,,
43,Other,HOFEMANN,Feix,GER,MS,ors,73,88,ora,ora,,861,28,a,88,87,SJPMNHTRAIN-----------TRNO0200SJ--__C73A_1.0.pdf,2,waa,ims,16,“a8,4,,,,,
45,Other,|RAIMUND,Philipp,GER,A,ono,73,8,758,758,,v4,m0,a,7,a3,SJPMNHTRAIN-----------TRNO0200SJ--__C73A_1.0.pdf,2,ad,‘080,16,Orr,4,,,,,
16,Other,075m],,,,905,,105.5,|,|,,99.4,|,85.3,|,86.6,SJPMNHTRAIN-----------TRNO0200SJ--__C73A_1.0.pdf,3,|,86,,,,,,,,
20,Other,454m],,,,800,,99.5,|,|,,91.5,|,87,|,87.9,SJPWNHTRAIN-----------TRNO0100SJ--__C73A_1.0.pdf,3,|,87.4,,,,,,,,
22,Other,-3.03m],,,,84,,93,|,|,,894,|,87.8,|,89,SJPWNHTRAIN-----------TRNO0100SJ--__C73A_1.0.pdf,3,|,88.3,,,,,,,,
24,Other,15im],,o,,795,,97.5,|,|,,88.2,|,88.4,|,99.2,SJPWNHTRAIN-----------TRNO0100SJ--__C73A_1.0.pdf,3,|,889,,,,,,,,
20,Other,-15im],,,,900,,100.5,95.6,95.6,,|,87,|,88.3,|,SJPWNHTRAIN-----------TRNO0100SJ--__C73A_1.0.pdf,3,87.6,,,,,,,,,
21,Other,-0.75m,,o,,875,,98,|,|,,o46,|,87.4,|,98.1,SJPWNHTRAIN-----------TRNO0100SJ--__C73A_1.0.pdf,3,|,87.8,,,,,,,,
19,Other,-2.26m,,,,100.5,,100.5,|,|,,100.5,|,87.8,|,878,SJPWNHTRAIN-----------TRNO0100SJ--__C73A_1.0.pdf,3,|,87.8,,,,,,,,
23,Other,076m],,,,88,,108,|,|,,94.4,|,87,|,a8.4,SJPWNHTRAIN-----------TRNO0200SJ--__C73A_1.0.pdf,3,|,87.7,,,,,,,,
25,Other,227m],,o,,745,,96.5,|,|,,88.5,|,87.1,|,89.2,SJPWNHTRAIN-----------TRNO0200SJ--__C73A_1.0.pdf,3,|,88.4,,,,,,,,
49,Other,,MARUYAMA,Nozomi,JPN,PNS,DNS,,,,,,,,,,SJPWNHTRAIN-----------TRNO0300SJ--__C73A_1.0.pdf,2,,,,,,,,,,
9,Other,GBR,WYATT,Marcus,,3,47.12,7,95.79,95.79,,3,115.31,11,124.56,9,SKNMSINGLES-----------FNL---------__C77D_4.0.pdf,2,56.52,(7),,,,,,,,
10,Other,KOR,JUNG,Seunggi,,12,46.72,12,95.28,95.28,,11,117.03,1,124.82,7,SKNMSINGLES-----------FNL---------__C77D_4.0.pdf,2,56.57,(9),,,,,,,,
11,Other,DEN,VESTERGAARD,JOHANSEN,RASMUS,4.57,9,47.08,9,(9),,95.59,4,114.5015,124.3010,56.82,SKNMSINGLES-----------FNL---------__C77D_4.0.pdf,2,(11),,,,,,,,,
12,Other,USA,FLORIAN,Austin,,1,47.56,1,94.29,94.29,,17,114.6413,123.28,15,56.95,SKNMSINGLES-----------FNL---------__C77D_4.0.pdf,2,(14),,,,,,,,,
13,Other,ITA,GASPARI,Mattia,,46.02,19,95.33,9,(=9),,116.12,5,124.91,6,56.73,SKNMSINGLES-----------FNL---------__C77D_4.0.pdf,2,(10),,,,,,,,,
14,Other,AUT,MAIER,Samuel,,15,46.54,14,95.59,95.59,,4,115.68,10,123.62,14,SKNMSINGLES-----------FNL---------__C77D_4.0.pdf,2,56.89(=12),,,,,,,,,
15,Other,SUI,BUFF,Vinzenz,,21,45.93,22,94.33,94.33,,16,114.6413,124.05,12,57.27,SKNMSINGLES-----------FNL---------__C77D_4.0.pdf,2,(16),,,,,,,,,
16,Other,KOR,KIM,Jisoo,,6,47.24,4,94.53,94.53,,12,114.28,18,121.86,20,SKNMSINGLES-----------FNL---------__C77D_4.0.pdf,2,57.15,(15),,,,,,,,
17,Other,AUT,AUER,Florian,,24,45.85,23,113.4921,113.49(=21),,122.95,16,57.53,19,,SKNMSINGLES-----------FNL---------__C77D_4.0.pdf,2,,,,,,,,,,
18,Other,LAT,INDRIKSONS,Emils,,14,46.35,15,93.75,93.75,,20,114.5015,122.36,17,57.29,SKNMSINGLES-----------FNL---------__C77D_4.0.pdf,3,(17),,,,,,,,,
19,Other,FRA,DEFAYET,Lucas,,17,46.0120,93.65,21,(21),,114.43,17,121.78,21,57.63,SKNMSINGLES-----------FNL---------__C77D_4.0.pdf,3,(20),,,,,,,,,
20,Other,USA,BAREFOOT,Daniel,,46.23,16,94.14,18,(18),,113.92,20,122.11,18,57.47,SKNMSINGLES-----------FNL---------__C77D_4.0.pdf,3,(18),,,,,,,,,
21,Other,AUS,TIMMINGS,Nicholas,,23,46.15,17,91.83,91.83,,24,113.42,23,121.95,19,SKNMSINGLES-----------FNL---------__C77D_4.0.pdf,3,58.26,(24),,,,,,,,
22,Other,ISR,FIRESTONE,Jared,,22,45.78,24,93.89,93.89,,19,114.21,19,119.44,23,SKNMSINGLES-----------FNL---------__C77D_4.0.pdf,3,58.15,(23),,,,,,,,
23,Other,JPN,TAKAHASHI,Hiroatsu,,16,46.11,18,93.6,93.6,,22,113.4921,119.68,22,58.06,SKNMSINGLES-----------FNL---------__C77D_4.0.pdf,3,(21),,,,,,,,,
24,Other,CAN,BRUSIC,Josip,,46.01,20,93.11,23,(23),,112,24,119.12,24,58.14,SKNMSINGLES-----------FNL---------__C77D_4.0.pdf,3,(22),,,,,,,,,
12,Other,FEB,,Milano,ITA,,,,,,,,,,,,STKW500M--------------FNL---------__C73A_1.0.pdf,1,,,,,,,,,,
